order_id,stock_item_id,unit_price,quantity,,,,,,
23,26,13.14,62,,,,,,
7,18,6.69,51,,,,,,
60,13,17.11,34,,,,,,
44,24,10.49,36,,,,,,
78,10,5.05,89,,,,,,
83,40,14.96,74,,,,,,
33,74,4.72,16,,,,,,
75,59,9.28,11,,,,,,
52,53,8.58,49,,,,,,
58,2,14.33,89,,,,,,
79,76,12.69,99,,,,,,
44,6,6.15,32,,,,,,
4,52,4.03,67,,,,,,
50,84,10.12,38,,,,,,
47,71,13.63,45,,,,,,
61,31,13.65,92,,,,,,
9,89,8.42,48,,,,,,
31,25,1.72,24,,,,,,
26,100,3.32,88,,,,,,
26,85,8.82,39,,,,,,
69,29,1.83,39,,,,,,
42,35,2.7,62,,,,,,
37,80,9.18,44,,,,,,
54,67,12.35,74,,,,,,
79,68,17.21,14,,,,,,
61,34,10.19,59,,,,,,
39,8,1.13,32,,,,,,
6,70,15.68,72,,,,,,
40,33,6.67,95,,,,,,
30,37,16.57,99,,,,,,
24,62,4.65,68,,,,,,
49,6,13.1,90,,,,,,
5,74,3.2,49,,,,,,
7,30,13.52,79,,,,,,
1,88,7.5,18,,,,,,
73,17,11.34,62,,,,,,
43,57,1.36,93,,,,,,
80,17,2.4,63,,,,,,
8,37,7.97,15,,,,,,
37,16,2.38,45,,,,,,
89,2,3.18,39,,,,,,
83,5,14.9,58,,,,,,
4,59,19.81,21,,,,,,
74,36,9.37,34,,,,,,
67,95,19.11,51,,,,,,
65,73,15.82,96,,,,,,
7,64,4.32,58,,,,,,
6,19,19.17,70,,,,,,
52,4,1.9,23,,,,,,
50,26,6.84,8,,,,,,
59,2,7.49,99,,,,,,
32,9,18.93,53,,,,,,
15,73,1.85,75,,,,,,
85,2,15,69,,,,,,
98,6,14.93,76,,,,,,
58,52,7.66,1,,,,,,
62,47,6.04,99,,,,,,
82,55,16.25,64,,,,,,
41,73,2.74,64,,,,,,
77,40,16.41,70,,,,,,
51,45,8.35,73,,,,,,
43,93,2.5,98,,,,,,
96,39,1.07,91,,,,,,
46,99,5.42,12,,,,,,
98,48,10.63,93,,,,,,
54,35,11.38,21,,,,,,
5,47,12.67,9,,,,,,
88,6,10.85,32,,,,,,
25,14,15.71,73,,,,,,
6,7,11.35,76,,,,,,
80,98,3.27,81,,,,,,
11,25,4.58,12,,,,,,
22,91,9.45,30,,,,,,
9,27,3.89,33,,,,,,
37,37,12.23,74,,,,,,
100,28,17.89,71,,,,,,
63,30,15.32,65,,,,,,
35,54,1.74,23,,,,,,
93,85,1.69,24,,,,,,
44,45,18.1,13,,,,,,
60,4,15.91,44,,,,,,
83,86,1.39,38,,,,,,
64,61,10.23,22,,,,,,
22,81,14.89,100,,,,,,
27,26,7.06,80,,,,,,
41,3,7.61,90,,,,,,
12,75,15.59,96,,,,,,
59,88,11.43,71,,,,,,
2,76,7.84,41,,,,,,
57,22,1.39,82,,,,,,
18,61,5.52,60,,,,,,
15,82,14.85,53,,,,,,
33,53,8.44,3,,,,,,
45,83,19.65,99,,,,,,
81,91,10.47,93,,,,,,
78,24,18.5,95,,,,,,
2,99,19.1,2,,,,,,
30,34,10.25,72,,,,,,
23,90,13.93,22,,,,,,
19,26,17.53,42,,,,,,
35,70,15.37,89,,,,,,
73,42,1.82,58,,,,,,
93,40,6.22,82,,,,,,
97,86,11.65,37,,,,,,
88,69,5.37,21,,,,,,
48,10,1.39,64,,,,,,
89,86,7.29,80,,,,,,
32,7,18.12,64,,,,,,
30,5,15.84,53,,,,,,
84,45,14.02,7,,,,,,
25,8,4.32,8,,,,,,
91,25,17.14,84,,,,,,
45,25,2.35,7,,,,,,
23,48,9.24,36,,,,,,
25,40,16.62,43,,,,,,
2,78,7.65,12,,,,,,
37,24,3.01,81,,,,,,
48,17,7.4,5,,,,,,
46,51,10.17,11,,,,,,
87,97,4.9,48,,,,,,
24,76,18.57,81,,,,,,
7,88,12.27,74,,,,,,
71,61,2.94,31,,,,,,
6,21,10.02,57,,,,,,
75,26,1.3,65,,,,,,
77,79,9.51,29,,,,,,
28,92,1.81,64,,,,,,
18,47,13.98,49,,,,,,
24,17,14.14,63,,,,,,
41,37,16.71,44,,,,,,
28,13,3.03,70,,,,,,
63,22,12.06,5,,,,,,
5,61,16.19,48,,,,,,
14,13,13.28,85,,,,,,
41,44,14.81,9,,,,,,
73,79,16.4,49,,,,,,
82,97,17.13,65,,,,,,
43,52,18.75,52,,,,,,
94,32,15.27,84,,,,,,
28,2,16.84,75,,,,,,
4,43,18.04,15,,,,,,
97,30,12.82,55,,,,,,
15,42,5.54,97,,,,,,
16,61,7.66,16,,,,,,
75,97,2.76,49,,,,,,
14,13,19.31,46,,,,,,
92,38,3.28,32,,,,,,
28,93,14.26,29,,,,,,
74,76,13.43,30,,,,,,
90,38,13,5,,,,,,
37,25,8.77,20,,,,,,
55,43,17.98,14,,,,,,
6,43,13.83,55,,,,,,
37,9,6.19,55,,,,,,
32,25,12.55,35,,,,,,
33,31,14.36,25,,,,,,
9,19,3.62,8,,,,,,
4,43,14.57,46,,,,,,
13,18,3.69,40,,,,,,
54,90,16.77,38,,,,,,
73,21,12.52,88,,,,,,
8,70,6.33,70,,,,,,
22,50,13.71,11,,,,,,
24,20,9.99,44,,,,,,
86,48,7.18,42,,,,,,
77,6,14.76,2,,,,,,
89,22,14.01,9,,,,,,
82,60,15.98,41,,,,,,
99,94,12.55,42,,,,,,
40,47,6.04,98,,,,,,
30,61,8.54,57,,,,,,
49,12,5.66,73,,,,,,
28,42,10.47,94,,,,,,
40,21,12.88,60,,,,,,
84,93,14.59,46,,,,,,
32,29,10.71,38,,,,,,
12,32,11.07,83,,,,,,
69,82,3.09,35,,,,,,
20,15,1.86,72,,,,,,
54,31,7.72,71,,,,,,
70,76,6.13,51,,,,,,
62,64,18.23,61,,,,,,
55,74,8.42,2,,,,,,
47,54,3.67,88,,,,,,
66,28,11.88,38,,,,,,
6,26,17.14,29,,,,,,
15,13,13.61,98,,,,,,
84,74,7.74,38,,,,,,
71,8,8.52,56,,,,,,
67,38,5.21,48,,,,,,
26,60,4.78,73,,,,,,
12,60,14.25,78,,,,,,
89,85,10.17,52,,,,,,
84,100,17.42,39,,,,,,
99,9,5.41,99,,,,,,
78,14,4.02,46,,,,,,
20,86,5.03,99,,,,,,
58,82,13.84,61,,,,,,
34,8,5.18,18,,,,,,
10,88,7.58,24,,,,,,
83,67,14.01,13,,,,,,
34,65,4.36,83,,,,,,
66,42,11.28,24,,,,,,
82,49,18.82,63,,,,,,
47,28,12.47,24,,,,,,
4,35,18.26,46,,,,,,
22,63,17.86,3,,,,,,
43,50,13.87,64,,,,,,
4,75,17.31,13,,,,,,
8,47,8.78,88,,,,,,
26,32,2.14,100,,,,,,
63,57,8.72,49,,,,,,
49,95,17.78,38,,,,,,
17,89,1.68,13,,,,,,
41,32,8.34,84,,,,,,
36,95,13.17,59,,,,,,
11,59,15.8,8,,,,,,
57,91,14.18,36,,,,,,
27,8,17.64,32,,,,,,
99,31,7.86,84,,,,,,
48,64,11.14,13,,,,,,
48,17,17.52,35,,,,,,
75,76,1.25,92,,,,,,
15,72,1.55,66,,,,,,
51,85,9.85,14,,,,,,
68,90,16.12,29,,,,,,
89,73,4.65,17,,,,,,
81,27,2.04,74,,,,,,
44,96,13.98,32,,,,,,
23,24,14.83,41,,,,,,
42,98,2.09,54,,,,,,
14,43,8.04,31,,,,,,
6,50,10.29,18,,,,,,
27,41,15.62,93,,,,,,
26,87,9.15,39,,,,,,
79,73,10.29,47,,,,,,
19,73,3.31,89,,,,,,
40,18,15.46,27,,,,,,
8,92,7.02,49,,,,,,
44,8,8.25,72,,,,,,
45,57,6.21,26,,,,,,
99,54,15.09,37,,,,,,
72,14,13.66,15,,,,,,
83,30,7.66,58,,,,,,
90,62,19.74,15,,,,,,
19,40,13.42,15,,,,,,
76,73,14.43,54,,,,,,
67,19,6.61,20,,,,,,
85,57,5.06,94,,,,,,
40,74,7.52,34,,,,,,
25,71,14.3,15,,,,,,
82,89,14.56,54,,,,,,
80,98,18.21,97,,,,,,
26,32,15.27,3,,,,,,
48,72,1.7,26,,,,,,
57,15,5.53,99,,,,,,
70,66,2.2,44,,,,,,
100,11,16.05,56,,,,,,
62,77,4.48,14,,,,,,
61,21,8.67,11,,,,,,
74,58,4.1,3,,,,,,
74,38,15.29,95,,,,,,
39,67,10.79,34,,,,,,
21,42,14.25,60,,,,,,
100,19,8.3,85,,,,,,
93,82,12.44,17,,,,,,
75,72,19.95,58,,,,,,
96,33,10.67,26,,,,,,
59,55,12,87,,,,,,
92,51,10.31,53,,,,,,
99,74,14.05,76,,,,,,
70,68,13.24,9,,,,,,
22,45,18.89,64,,,,,,
15,14,11.04,26,,,,,,
17,55,17.73,38,,,,,,
65,71,6.26,20,,,,,,
14,88,2.54,3,,,,,,
46,87,17.93,7,,,,,,
68,60,13.77,55,,,,,,
46,56,13.36,64,,,,,,
28,3,15.64,76,,,,,,
82,93,17.02,63,,,,,,
87,24,4.24,96,,,,,,
85,86,15.7,15,,,,,,
35,55,8.5,86,,,,,,
78,33,9.58,85,,,,,,
25,17,8.82,65,,,,,,
91,78,15.22,2,,,,,,
24,58,5.44,55,,,,,,
67,9,11.15,46,,,,,,
23,62,17.2,76,,,,,,
93,44,11.27,89,,,,,,
11,12,1.39,17,,,,,,
38,94,11.03,66,,,,,,
9,58,7.97,20,,,,,,
37,97,3.71,89,,,,,,
39,80,16.66,69,,,,,,
32,35,1.19,56,,,,,,
74,79,18.01,44,,,,,,
58,89,12.19,56,,,,,,
93,29,15.03,88,,,,,,
68,39,13.04,21,,,,,,
7,91,15,62,,,,,,
22,88,14.98,8,,,,,,
88,59,7.36,32,,,,,,
60,32,18.55,52,,,,,,
76,69,11.9,38,,,,,,
81,15,17.62,92,,,,,,
46,59,2.09,81,,,,,,
5,63,3.01,32,,,,,,
56,1,1.15,76,,,,,,
35,69,15.56,68,,,,,,
70,86,7.62,82,,,,,,
34,99,6.96,100,,,,,,
96,48,1.74,48,,,,,,
78,48,11.4,38,,,,,,
53,17,8.21,79,,,,,,
53,25,7.45,87,,,,,,
1,52,17.41,16,,,,,,
13,6,4.29,35,,,,,,
73,30,18.07,15,,,,,,
66,57,10.15,16,,,,,,
51,37,2.06,76,,,,,,
12,17,16.1,53,,,,,,
83,6,5.09,25,,,,,,
72,99,5.52,19,,,,,,
58,89,9.26,65,,,,,,
31,97,5.09,61,,,,,,
31,26,7.15,54,,,,,,
75,28,9.3,59,,,,,,
53,27,12.03,47,,,,,,
4,34,9.49,8,,,,,,
40,82,4.73,5,,,,,,
88,12,17.59,77,,,,,,
95,71,14.67,42,,,,,,
55,22,1.22,91,,,,,,
21,4,3.78,45,,,,,,
15,9,10.46,6,,,,,,
94,83,2.15,29,,,,,,
93,79,15.38,64,,,,,,
1,1,7.54,86,,,,,,
30,52,3.03,31,,,,,,
42,8,5.13,54,,,,,,
42,62,13.99,37,,,,,,
57,86,7.67,71,,,,,,
76,32,3.17,60,,,,,,
95,24,12.46,64,,,,,,
15,35,4.48,31,,,,,,
98,65,6.99,16,,,,,,
26,77,13.07,65,,,,,,
54,17,7.13,26,,,,,,
67,8,8.15,95,,,,,,
74,76,11.48,11,,,,,,
24,100,18.56,96,,,,,,
40,79,5.49,37,,,,,,
91,98,6.21,45,,,,,,
30,58,5.09,16,,,,,,
99,82,6,100,,,,,,
87,43,6.36,33,,,,,,
33,31,15.51,67,,,,,,
15,35,15.82,27,,,,,,
70,27,12.77,17,,,,,,
70,41,18.25,81,,,,,,
30,60,14.93,20,,,,,,
32,70,9.27,72,,,,,,
90,89,9.55,89,,,,,,
49,60,17.24,82,,,,,,
33,40,2.84,57,,,,,,
69,93,6.96,81,,,,,,
29,13,3.87,50,,,,,,
48,76,8.17,33,,,,,,
73,86,9.82,63,,,,,,
100,66,2.26,39,,,,,,
86,12,11.81,29,,,,,,
13,20,1.35,51,,,,,,
7,5,12.18,20,,,,,,
27,63,3.46,1,,,,,,
81,56,3.98,14,,,,,,
35,62,13.66,74,,,,,,
100,50,15.47,62,,,,,,
35,97,14.58,57,,,,,,
32,95,13.5,37,,,,,,
8,82,19.05,65,,,,,,
5,75,19.94,51,,,,,,
20,67,10.11,86,,,,,,
59,86,16.12,32,,,,,,
66,84,19.56,18,,,,,,
49,4,17.17,50,,,,,,
51,10,18.21,5,,,,,,
24,68,18.68,16,,,,,,
63,67,4.45,43,,,,,,
70,76,13.77,77,,,,,,
92,75,6.29,50,,,,,,
99,16,7.06,93,,,,,,
12,61,17.36,45,,,,,,
67,33,14.38,12,,,,,,
91,96,12.09,57,,,,,,
23,77,8.69,46,,,,,,
44,7,18.69,70,,,,,,
32,2,13.95,55,,,,,,
69,32,9.2,6,,,,,,
39,24,2.57,56,,,,,,
66,94,9.94,88,,,,,,
21,16,12.11,61,,,,,,
99,42,13.74,19,,,,,,
16,42,14.5,8,,,,,,
21,85,18.5,62,,,,,,
64,38,3.73,49,,,,,,
58,69,15.56,90,,,,,,
14,73,18.7,18,,,,,,
29,61,2.53,12,,,,,,
85,65,18.02,45,,,,,,
23,74,14.72,7,,,,,,
90,82,8.03,70,,,,,,
66,45,5.77,21,,,,,,
24,33,13.43,38,,,,,,
90,41,9.61,45,,,,,,
23,58,15.69,4,,,,,,
58,88,11.09,44,,,,,,
8,99,9.57,11,,,,,,
57,72,2.06,65,,,,,,
75,34,16.86,17,,,,,,
43,46,6.38,88,,,,,,
93,25,15.36,28,,,,,,
85,36,2.7,3,,,,,,
55,25,9.97,72,,,,,,
6,69,12.86,24,,,,,,
35,53,16.04,52,,,,,,
33,76,5.7,83,,,,,,
69,55,19.35,54,,,,,,
4,86,15.46,58,,,,,,
4,85,1.79,82,,,,,,
34,76,10.24,64,,,,,,
65,83,8.27,68,,,,,,
18,37,13.29,16,,,,,,
28,80,17.25,74,,,,,,
56,24,3.01,7,,,,,,
65,76,14.56,8,,,,,,
63,86,4.66,40,,,,,,
79,43,13.04,16,,,,,,
81,36,6.44,79,,,,,,
98,69,12.88,13,,,,,,
12,13,4.58,69,,,,,,
42,51,15.98,47,,,,,,
67,40,14.7,34,,,,,,
90,81,3.55,88,,,,,,
2,23,17.96,61,,,,,,
88,75,4.71,56,,,,,,
83,45,16.25,44,,,,,,
46,66,4.19,16,,,,,,
65,30,17.32,83,,,,,,
19,28,1.75,31,,,,,,
65,47,10.86,15,,,,,,
51,7,5.36,56,,,,,,
51,45,3.02,72,,,,,,
53,81,10.24,75,,,,,,
21,40,18.88,49,,,,,,
5,54,9.95,57,,,,,,
81,53,7.56,13,,,,,,
46,41,12.63,54,,,,,,
34,9,2.33,98,,,,,,
54,31,19.4,9,,,,,,
42,58,9.29,46,,,,,,
39,57,18.8,24,,,,,,
59,68,18.41,15,,,,,,
17,32,14.19,30,,,,,,
78,60,15.84,10,,,,,,
20,4,13.33,85,,,,,,
95,95,15.29,10,,,,,,
50,31,4.53,97,,,,,,
16,3,12.17,33,,,,,,
72,30,17.08,11,,,,,,
39,84,1.63,57,,,,,,
83,26,5.01,80,,,,,,
35,73,10.9,28,,,,,,
13,2,6.49,27,,,,,,
14,76,6.27,59,,,,,,
97,33,14.85,92,,,,,,
79,19,6.92,9,,,,,,
26,98,14.22,64,,,,,,
27,64,16.56,40,,,,,,
35,85,8.05,43,,,,,,
91,94,4.78,95,,,,,,
56,8,8.76,32,,,,,,
79,65,8.46,78,,,,,,
14,62,19.47,91,,,,,,
36,46,7.94,22,,,,,,
46,81,16.73,41,,,,,,
82,55,15.3,32,,,,,,
78,95,16.37,45,,,,,,
45,4,12.74,67,,,,,,
63,14,17,85,,,,,,
33,48,7.82,8,,,,,,
35,44,8.25,20,,,,,,
24,93,14.22,11,,,,,,
54,43,10.54,99,,,,,,
41,66,6.53,13,,,,,,
100,61,2.29,79,,,,,,
23,87,9.21,45,,,,,,
18,72,7.31,99,,,,,,
76,72,1.91,6,,,,,,
84,59,9.18,57,,,,,,
53,45,6.49,59,,,,,,
96,68,3.43,19,,,,,,
55,6,2.26,89,,,,,,
94,88,1.67,48,,,,,,
21,46,7.1,40,,,,,,
48,17,13.62,51,,,,,,
5,28,7.94,34,,,,,,
19,9,12.15,53,,,,,,
96,42,11.81,97,,,,,,
71,93,6.69,59,,,,,,
81,82,18.74,67,,,,,,
9,6,15.51,26,,,,,,
58,77,5.24,3,,,,,,
14,53,12.1,17,,,,,,
29,8,6.2,50,,,,,,
21,35,3.07,12,,,,,,
48,70,3.73,5,,,,,,
9,53,3.76,30,,,,,,
40,13,14.91,71,,,,,,
24,2,15.3,75,,,,,,
62,46,8.92,85,,,,,,
21,29,11.99,62,,,,,,
53,32,15.3,80,,,,,,
95,1,15.45,6,,,,,,
59,54,14.45,5,,,,,,
5,51,10.12,95,,,,,,
16,31,8,18,,,,,,
34,73,12.05,79,,,,,,
57,82,18.92,94,,,,,,
80,96,8.03,94,,,,,,
48,90,11.21,71,,,,,,
78,34,19.55,14,,,,,,
83,67,13.01,14,,,,,,
83,83,7.95,51,,,,,,
63,72,1.59,80,,,,,,
12,3,12.75,23,,,,,,
56,4,12.72,8,,,,,,
45,44,18.19,94,,,,,,
10,18,2.26,30,,,,,,
36,28,16.19,37,,,,,,
40,13,19.77,45,,,,,,
75,26,11.67,87,,,,,,
8,24,4.85,76,,,,,,
49,22,7.12,10,,,,,,
50,78,16.51,8,,,,,,
46,91,18.25,43,,,,,,
87,56,4.9,89,,,,,,
84,99,8.97,83,,,,,,
37,66,16.04,36,,,,,,
12,90,10.65,53,,,,,,
23,84,14.12,44,,,,,,
87,96,18.06,83,,,,,,
76,14,12.08,84,,,,,,
99,31,17.41,15,,,,,,
21,32,3.24,93,,,,,,
73,12,1.42,59,,,,,,
30,4,9.12,75,,,,,,
42,58,15.07,73,,,,,,
32,95,7.88,29,,,,,,
93,83,19.61,93,,,,,,
33,81,10.46,19,,,,,,
68,16,11.35,56,,,,,,
28,16,12.79,85,,,,,,
40,28,2.26,36,,,,,,
64,84,19.24,93,,,,,,
20,42,19.25,69,,,,,,
66,57,6.26,44,,,,,,
55,98,19.63,77,,,,,,
69,38,11.1,45,,,,,,
93,19,1.13,89,,,,,,
54,94,2.02,43,,,,,,
89,93,13.31,19,,,,,,
45,75,7.59,93,,,,,,
20,26,6.03,7,,,,,,
37,56,14.2,66,,,,,,
65,41,19.17,45,,,,,,
52,99,2.9,63,,,,,,
96,57,2.5,80,,,,,,
47,4,17.27,94,,,,,,
65,70,3.11,84,,,,,,
96,89,13.64,36,,,,,,
31,24,15.64,45,,,,,,
16,3,14.9,35,,,,,,
69,80,12.56,2,,,,,,
12,82,14.84,25,,,,,,
43,3,9.66,64,,,,,,
96,81,7.74,29,,,,,,
95,26,11.75,86,,,,,,
5,22,10.3,70,,,,,,
91,78,14.14,12,,,,,,
90,22,13.56,62,,,,,,
52,100,18.18,43,,,,,,
92,20,14.23,76,,,,,,
87,3,3.93,17,,,,,,
78,47,14.23,81,,,,,,
68,56,4.8,37,,,,,,
51,1,15.71,63,,,,,,
36,56,6.52,87,,,,,,
53,57,4.45,4,,,,,,
79,34,8.02,70,,,,,,
64,12,14.99,8,,,,,,
27,34,1.16,53,,,,,,
4,46,5.64,33,,,,,,
59,8,19.98,94,,,,,,
36,36,7.75,46,,,,,,
75,29,6.8,23,,,,,,
28,84,16.11,44,,,,,,
26,38,4.96,53,,,,,,
5,95,10.57,55,,,,,,
58,98,9.19,1,,,,,,
22,91,12.83,61,,,,,,
56,53,17.1,29,,,,,,
9,12,8.77,24,,,,,,
42,44,18.04,95,,,,,,
51,12,6.64,60,,,,,,
40,4,9.57,25,,,,,,
20,46,1.09,16,,,,,,
36,6,7.39,13,,,,,,
60,65,9.26,65,,,,,,
4,70,14.63,82,,,,,,
31,42,1.04,42,,,,,,
7,22,16.43,100,,,,,,
90,61,6.14,69,,,,,,
44,51,6.15,83,,,,,,
25,98,1.28,34,,,,,,
35,74,13.19,23,,,,,,
1,54,11.39,89,,,,,,
52,25,16.59,95,,,,,,
86,88,4.66,83,,,,,,
71,75,7.91,83,,,,,,
17,43,19.77,10,,,,,,
88,12,15.89,68,,,,,,
94,89,5.89,58,,,,,,
78,20,5.81,64,,,,,,
39,6,5.22,44,,,,,,
49,54,13.71,96,,,,,,
22,22,15.74,19,,,,,,
18,11,15.63,33,,,,,,
3,31,1.03,46,,,,,,
89,18,19.05,30,,,,,,
98,76,3.21,25,,,,,,
27,8,2.18,82,,,,,,
42,55,15.57,36,,,,,,
40,45,17.27,20,,,,,,
44,74,9.16,56,,,,,,
78,22,14.26,8,,,,,,
9,57,10.64,98,,,,,,
35,99,14.15,24,,,,,,
36,77,9.49,37,,,,,,
17,69,11.1,98,,,,,,
84,71,15.81,91,,,,,,
34,93,11.5,51,,,,,,
30,45,15.96,72,,,,,,
36,65,13.79,85,,,,,,
35,71,9.35,3,,,,,,
62,55,19.86,41,,,,,,
37,45,3.21,100,,,,,,
48,53,19.72,60,,,,,,
83,17,1.37,74,,,,,,
87,99,11.57,43,,,,,,
92,34,15.36,4,,,,,,
53,10,15.37,63,,,,,,
59,20,4.36,20,,,,,,
46,22,17.81,92,,,,,,
66,25,16.77,19,,,,,,
39,46,17.5,21,,,,,,
3,70,6.6,29,,,,,,
46,54,16.07,26,,,,,,
91,30,5.27,56,,,,,,
84,49,17.69,94,,,,,,
10,80,9.9,84,,,,,,
18,60,11.81,63,,,,,,
78,67,1.4,60,,,,,,
70,86,3.17,45,,,,,,
49,97,18.15,72,,,,,,
34,99,10.4,65,,,,,,
100,56,14.63,16,,,,,,
21,42,5.61,37,,,,,,
14,64,5.35,42,,,,,,
1,61,5.33,6,,,,,,
56,62,17.24,63,,,,,,
31,33,4.97,34,,,,,,
38,56,4.62,70,,,,,,
63,29,15.62,82,,,,,,
63,64,18.55,64,,,,,,
66,98,11.97,72,,,,,,
17,99,1.34,15,,,,,,
56,13,12.9,75,,,,,,
43,91,2.98,9,,,,,,
29,58,8.61,71,,,,,,
18,40,18.86,94,,,,,,
45,71,1.21,65,,,,,,
74,65,17.65,82,,,,,,
54,31,18.2,50,,,,,,
84,100,14.07,59,,,,,,
3,71,11.2,75,,,,,,
30,27,8.59,11,,,,,,
11,100,19.5,56,,,,,,
60,69,12.7,96,,,,,,
36,88,19.71,94,,,,,,
80,59,19.74,1,,,,,,
67,22,4.3,37,,,,,,
83,23,12.12,46,,,,,,
11,55,10.97,77,,,,,,
18,82,18.07,20,,,,,,
99,65,15.45,95,,,,,,
29,91,18.44,79,,,,,,
31,26,19.18,10,,,,,,
97,75,1.82,27,,,,,,
99,75,4.69,7,,,,,,
89,3,17.13,86,,,,,,
68,43,15.41,33,,,,,,
16,68,12.98,32,,,,,,
76,72,5.11,58,,,,,,
89,98,17.09,85,,,,,,
48,1,14.02,96,,,,,,
25,54,4.89,56,,,,,,
50,26,8.29,38,,,,,,
37,93,17.39,49,,,,,,
27,95,7.24,49,,,,,,
59,4,12.79,45,,,,,,
38,90,9.81,89,,,,,,
54,22,9.66,50,,,,,,
9,1,12.75,52,,,,,,
83,40,17.91,56,,,,,,
14,13,17.33,42,,,,,,
77,39,14.13,46,,,,,,
65,38,10.54,19,,,,,,
1,59,3.49,92,,,,,,
48,67,13.43,15,,,,,,
93,8,5.55,58,,,,,,
85,75,1.44,58,,,,,,
96,90,6.51,51,,,,,,
6,60,14.59,16,,,,,,
79,95,13.63,46,,,,,,
15,15,8.07,76,,,,,,
48,80,15.25,62,,,,,,
67,79,13.6,22,,,,,,
65,78,19.16,72,,,,,,
92,21,1.38,53,,,,,,
35,63,18,41,,,,,,
33,86,13.44,67,,,,,,
45,91,14.43,35,,,,,,
76,61,11.98,86,,,,,,
67,75,10.96,33,,,,,,
13,61,18.35,92,,,,,,
74,42,11.68,10,,,,,,
11,77,2.22,94,,,,,,
88,94,3.41,35,,,,,,
47,99,8.55,69,,,,,,
28,9,8.56,38,,,,,,
29,78,2.17,100,,,,,,
20,17,16.61,73,,,,,,
50,45,18.57,100,,,,,,
34,76,3.22,51,,,,,,
67,10,14.01,75,,,,,,
77,50,15.95,68,,,,,,
49,52,4.4,30,,,,,,
32,49,8.32,7,,,,,,
59,41,18.68,77,,,,,,
67,52,17.98,64,,,,,,
20,10,16.84,76,,,,,,
47,93,1.75,75,,,,,,
31,52,11.82,79,,,,,,
56,28,19.51,6,,,,,,
82,93,7.94,60,,,,,,
41,94,15.95,13,,,,,,
99,94,3.47,56,,,,,,
27,60,6.49,53,,,,,,
10,7,14.81,81,,,,,,
27,58,13.41,56,,,,,,
82,79,18.69,15,,,,,,
88,30,10.61,3,,,,,,
90,18,6.93,20,,,,,,
29,100,17.59,6,,,,,,
24,49,7.24,21,,,,,,
58,44,13.46,6,,,,,,
95,28,18.62,27,,,,,,
30,3,16.99,5,,,,,,
70,16,13.43,8,,,,,,
49,44,15.19,39,,,,,,
30,77,17.42,46,,,,,,
32,28,16.79,81,,,,,,
21,89,14.97,28,,,,,,
87,82,17.01,33,,,,,,
61,85,12.71,58,,,,,,
96,76,17.47,22,,,,,,
75,25,13.61,74,,,,,,
29,60,16.59,75,,,,,,
23,50,17.1,7,,,,,,
68,58,10.23,74,,,,,,
62,25,4.5,6,,,,,,
17,41,3.8,24,,,,,,
81,51,8.74,51,,,,,,
71,8,1.18,5,,,,,,
39,64,19.8,3,,,,,,
55,25,5.68,82,,,,,,
16,4,16.32,43,,,,,,
36,37,8.82,34,,,,,,
21,18,17.39,40,,,,,,
83,47,15.55,71,,,,,,
57,83,19.88,100,,,,,,
28,82,12.2,12,,,,,,
63,81,8.57,88,,,,,,
70,88,5.79,74,,,,,,
12,22,9.25,88,,,,,,
2,5,12.34,2,,,,,,
44,10,13.51,94,,,,,,
20,45,19.19,83,,,,,,
31,55,2.59,9,,,,,,
84,23,13.84,29,,,,,,
12,75,17.29,91,,,,,,
62,35,15.44,89,,,,,,
22,20,9.7,2,,,,,,
40,14,6.14,5,,,,,,
93,4,14.64,25,,,,,,
26,32,5.08,8,,,,,,
77,25,12.29,89,,,,,,
23,94,17.77,47,,,,,,
97,88,9.27,56,,,,,,
16,15,15.08,25,,,,,,
87,51,18.14,99,,,,,,
40,88,13.22,95,,,,,,
20,62,13.19,10,,,,,,
82,3,18.42,86,,,,,,
79,14,10.07,37,,,,,,
46,84,11.1,37,,,,,,
16,94,14.57,6,,,,,,
11,44,11.32,28,,,,,,
11,1,13.86,54,,,,,,
18,36,10.34,19,,,,,,
69,100,11.18,86,,,,,,
6,73,7.07,79,,,,,,
3,7,19.09,69,,,,,,
35,65,12.92,49,,,,,,
82,62,8.96,38,,,,,,
38,5,14.87,64,,,,,,
28,68,5.73,1,,,,,,
22,10,5.74,78,,,,,,
25,81,2.63,35,,,,,,
26,45,17.27,99,,,,,,
96,79,5.56,65,,,,,,
9,61,15.32,3,,,,,,
30,88,12.13,48,,,,,,
51,94,1.59,98,,,,,,
34,63,7.83,22,,,,,,
14,17,2.81,35,,,,,,
83,86,12.78,61,,,,,,
94,17,2.66,49,,,,,,
83,28,18.26,53,,,,,,
52,15,16,67,,,,,,
71,21,19.95,84,,,,,,
12,35,13.12,13,,,,,,
74,94,3.15,36,,,,,,
18,39,13.99,28,,,,,,
45,58,7.53,79,,,,,,
57,50,2.33,54,,,,,,
93,12,18.3,33,,,,,,
2,59,1.04,53,,,,,,
58,28,7.82,83,,,,,,
74,31,11.27,15,,,,,,
40,32,8.6,23,,,,,,
93,77,15.52,54,,,,,,
52,31,3.46,93,,,,,,
93,22,11,83,,,,,,
83,44,14.7,27,,,,,,
99,36,1.4,89,,,,,,
34,98,7.99,32,,,,,,
29,9,1.41,33,,,,,,
80,54,12.17,62,,,,,,
60,48,3.12,64,,,,,,
50,25,10.44,44,,,,,,
85,39,11.28,87,,,,,,
2,65,7.61,13,,,,,,
39,4,6.9,85,,,,,,
8,10,13,34,,,,,,
94,28,1.88,3,,,,,,
43,70,11.85,55,,,,,,
64,78,14.61,16,,,,,,
20,41,17.41,70,,,,,,
3,61,11.02,61,,,,,,
30,2,11.34,44,,,,,,
9,6,5.5,9,,,,,,
13,44,2.84,29,,,,,,
26,82,10.85,66,,,,,,
79,10,1.68,62,,,,,,
21,28,17.83,36,,,,,,
91,66,9.66,18,,,,,,
73,86,13.79,59,,,,,,
13,31,7.59,34,,,,,,
33,72,1.43,99,,,,,,
51,27,17.94,89,,,,,,
13,7,4.84,23,,,,,,
72,57,8.2,26,,,,,,
34,19,6.32,87,,,,,,
78,93,17.21,47,,,,,,
2,8,7.68,85,,,,,,
47,74,18.6,76,,,,,,
65,77,13.32,27,,,,,,
77,47,10.03,70,,,,,,
33,9,17.79,95,,,,,,
31,33,16.18,43,,,,,,
47,77,7.21,8,,,,,,
84,72,8.25,34,,,,,,
54,44,17.33,59,,,,,,
69,47,3.91,49,,,,,,
97,30,16.51,47,,,,,,
6,19,3.6,84,,,,,,
50,59,16.39,44,,,,,,
79,44,10.51,22,,,,,,
19,59,7.09,11,,,,,,
66,17,6.48,23,,,,,,
35,77,17.41,86,,,,,,
5,1,9.42,73,,,,,,
97,2,1.09,29,,,,,,
93,81,6.49,75,,,,,,
89,7,14.82,100,,,,,,
65,51,19.67,94,,,,,,
21,16,12.95,94,,,,,,
7,100,15.26,18,,,,,,
57,41,14.61,72,,,,,,
18,54,6.22,10,,,,,,
88,31,7.67,22,,,,,,
74,57,10.43,65,,,,,,
88,19,16.04,33,,,,,,
90,46,18.82,31,,,,,,
23,73,10.16,40,,,,,,
100,13,6.48,2,,,,,,
6,65,2.99,8,,,,,,
19,6,12.18,27,,,,,,
2,58,14.26,84,,,,,,
76,77,6.64,82,,,,,,
54,28,10.57,93,,,,,,
94,1,3.71,14,,,,,,
58,61,5.91,96,,,,,,
37,27,4.59,62,,,,,,
32,37,12.15,45,,,,,,
95,84,7.24,43,,,,,,
64,88,19.42,17,,,,,,
23,7,1.13,17,,,,,,
1,6,12.46,95,,,,,,
26,71,11,72,,,,,,
92,21,19.74,93,,,,,,
27,34,13.21,70,,,,,,
83,9,6.87,13,,,,,,
5,45,17.11,88,,,,,,
56,91,6.84,14,,,,,,
29,78,16.37,22,,,,,,
28,83,4.85,5,,,,,,
58,73,10.61,77,,,,,,
40,49,4.7,12,,,,,,
53,65,16.89,59,,,,,,
16,64,9.97,4,,,,,,
61,94,9.81,19,,,,,,
15,89,7.35,88,,,,,,
35,29,15.84,49,,,,,,
56,66,9.8,96,,,,,,
69,64,7.92,20,,,,,,
57,11,7.87,59,,,,,,
57,14,15.79,41,,,,,,
7,95,8.86,68,,,,,,
7,98,18.11,11,,,,,,
88,34,7.33,7,,,,,,
43,75,19.54,4,,,,,,
42,30,18.08,87,,,,,,
17,91,19.15,98,,,,,,
1,51,18.76,18,,,,,,
95,35,4.25,12,,,,,,
36,85,15.75,17,,,,,,
21,12,10.59,6,,,,,,
40,14,14.55,35,,,,,,
85,53,12.83,81,,,,,,
20,51,14.95,57,,,,,,
57,43,11.51,49,,,,,,
10,71,2.76,48,,,,,,
76,52,19.98,69,,,,,,
69,94,15.6,40,,,,,,
23,39,10.07,87,,,,,,
19,90,2.96,28,,,,,,
37,2,20,92,,,,,,
2,34,16.87,39,,,,,,
76,2,6.63,25,,,,,,
72,57,4.75,72,,,,,,
99,26,10.42,89,,,,,,
12,15,1.08,81,,,,,,
36,75,7.07,12,,,,,,
49,53,19.7,9,,,,,,
9,69,15.15,19,,,,,,
72,8,6.29,80,,,,,,
65,77,19.57,63,,,,,,
90,60,6.48,87,,,,,,
20,11,7.14,37,,,,,,
71,37,19.47,47,,,,,,
71,2,12.8,99,,,,,,
2,28,9.55,99,,,,,,
16,57,11.19,47,,,,,,
70,60,8.94,21,,,,,,
45,60,4.19,39,,,,,,
